{"cameraMode":{"drawMode":0,"name":"Shaded","section":"Shading Mode"},"sceneLighting":true,"audioPlay":false,"sceneViewState":{"m_AlwaysRefresh":false,"showFog":true,"showSkybox":true,"showFlares":true,"showImageEffects":true,"showParticleSystems":true,"showVisualEffectGraphs":true,"m_FxEnabled":true},"in2DMode":false,"pivot":{"x":-11.238655090332032,"y":-0.06202688068151474,"z":-13.223363876342774},"rotation":{"x":0.010584819130599499,"y":-0.9423209428787231,"z":0.02999216318130493,"w":0.33325085043907168},"size":10.49843978881836,"orthographic":false}